id,0,1,2,3,4,5,6,7,8,9,10,11,12,13,14,15,16,17,18,19,20,21,22,23,24,25,26,27,28,29,30,31,32,33,34,35,36,37,38,39,40,41,42,43,44,45,46,47,48,49,50,51,52,53,54,55,56,57,58,59,60,61,62,63,64,65,66,67,68,69,70,71,72,73,74,75,76,77,78,79,80,81,82,83,84,85,86,87,88,89,90,91,92,93,94,95
sub-NDARAA536PTU,220,412,36,332,239,401,201,412,45,343,65,389,306,412,155,412,198,412,202,412,179,393,105,393,225,412,144,401,191,412,240,412,192,412,180,401,228,412,224,412,148,412,45,343,275,412,306,412,91,389,34,354,180,410,240,412,37,363,238,412,46,383,34,360,194,412,56,382,58,358,51,382,55,383,26,361,34,382,35,354,3,275,36,343,13,271,10,221,17,251,15,347,10,198,10,198
sub-NDARAD481FXF,342,488,39,459,287,484,275,484,354,488,402,488,279,488,357,488,46,459,382,488,298,484,199,480,332,488,240,488,238,488,192,465,172,465,320,488,205,488,216,474,310,488,127,462,312,488,379,488,99,457,200,488,310,474,274,474,323,488,256,488,138,470,35,455,96,465,55,456,31,422,60,474,68,456,107,484,37,461,89,480,10,380,1,1,34,433,14,276,10,240,28,368,19,276,13,366
sub-NDARAE199TDD,371,443,35,403,339,443,383,443,288,443,372,443,239,443,208,443,88,430,338,443,126,436,236,443,282,446,92,428,94,436,345,443,177,430,264,443,274,443,169,443,55,423,245,443,284,443,119,428,274,443,270,443,54,396,153,439,159,443,71,427,91,427,340,443,304,443,107,430,77,425,28,379,42,409,48,409,51,427,32,422,6,350,1,1,9,285,12,286,9,285,9,286,8,353,6,9
sub-NDARAJ366ZFA,194,376,41,310,238,360,272,379,197,360,195,376,175,376,253,376,162,360,98,343,43,310,219,366,244,360,79,336,59,350,160,379,141,376,146,368,177,364,119,353,137,361,112,360,236,379,66,350,46,350,68,360,137,364,80,353,34,313,75,357,41,300,74,330,46,318,32,307,87,376,54,304,50,360,35,284,25,324,21,294,6,145,13,109,9,98,12,300,9,109,12,300,20,139,10,98
sub-NDARAK187ZLP,128,468,195,468,124,468,405,483,73,471,244,471,209,471,223,478,99,468,54,468,142,468,253,471,190,478,263,471,283,478,468,501,250,475,210,494,95,471,141,479,350,483,404,492,253,501,309,483,109,475,206,483,300,485,283,501,367,492,186,501,259,483,185,488,251,501,171,501,190,492,253,491,98,479,217,501,78,497,28,283,63,501,13,133,17,87,9,78,23,236,17,133,13,494,14,329
sub-NDARAM277WZT,114,298,43,256,156,315,128,328,34,249,84,311,71,311,164,315,58,272,44,251,92,278,91,278,101,272,83,320,191,303,157,292,59,292,80,303,67,296,151,296,146,296,101,331,35,258,99,296,144,296,125,324,34,296,21,254,90,296,76,276,80,308,40,273,51,205,35,205,35,227,77,262,14,141,3,101,6,108,13,265,10,77,26,100,10,77,21,100,26,100,42,191,25,191,26,77
sub-NDARAR025WX4,144,327,166,325,32,212,202,340,161,327,122,327,83,329,34,212,51,302,169,326,95,320,79,322,62,318,73,316,84,316,59,322,130,336,85,316,76,320,139,321,138,340,31,250,165,336,70,301,73,316,97,316,173,340,80,301,32,266,34,259,22,242,113,321,91,319,73,297,79,308,77,304,53,284,30,298,57,303,10,148,3,130,10,100,5,108,12,258,18,153,10,100,6,91,8,189
sub-NDARAT100AEQ,79,415,74,420,344,456,326,456,32,425,257,456,46,415,52,415,353,456,127,430,239,456,75,420,241,430,138,430,284,452,90,430,214,430,206,430,47,395,299,452,84,430,251,452,309,456,124,430,273,452,250,456,229,456,256,456,81,424,95,424,142,456,221,456,218,456,222,456,65,442,221,456,141,446,48,388,127,446,146,456,21,350,15,389,15,244,21,244,18,244,10,142,16,244,19,244
sub-NDARAT299YRR,43,378,38,378,272,395,77,381,85,378,94,381,344,400,225,398,29,366,239,381,206,385,142,398,29,362,145,380,128,380,97,372,272,390,167,383,63,378,115,378,66,366,268,397,123,380,215,395,33,352,221,395,270,397,163,395,156,395,84,378,190,395,169,398,129,397,147,395,139,397,135,385,93,380,21,384,75,372,23,362,6,35,3,75,9,138,8,169,7,136,12,172,11,171,3,7
sub-NDARAV747WVL,250,492,84,472,343,492,337,492,124,469,142,472,332,492,281,492,74,432,362,492,359,492,251,492,219,492,190,492,130,480,245,492,326,492,272,472,295,492,358,492,151,472,230,492,116,481,281,492,373,492,371,492,15,339,92,469,150,489,95,456,119,487,286,492,218,492,57,456,104,456,87,456,73,456,36,464,47,484,33,475,99,487,126,487,82,467,6,373,19,295,10,295,18,305,18,305
sub-NDARAV894XWD,243,415,35,364,246,415,226,415,252,415,39,390,69,364,264,412,128,408,297,415,218,415,57,393,146,415,191,412,206,398,206,415,92,401,168,411,232,415,210,415,125,399,190,415,257,415,76,396,57,384,241,411,217,411,38,381,34,363,185,410,39,363,156,410,177,415,65,393,111,393,112,393,50,388,39,337,69,377,69,377,15,280,6,217,6,235,5,242,9,238,11,326,8,230,7,244
sub-NDARAV945MCQ,162,340,94,326,244,376,185,340,181,372,162,376,108,365,62,340,90,342,180,376,131,343,80,326,62,340,215,373,122,340,87,336,170,359,156,339,175,343,94,343,124,339,83,358,43,262,77,330,99,372,39,297,135,361,62,343,94,356,47,297,117,373,75,353,83,372,44,302,28,320,39,275,67,342,38,354,34,254,26,238,10,170,6,135,21,117,21,117,28,134,39,134,39,134,28,134
sub-NDARBA507GCT,157,372,38,275,228,385,252,372,74,344,244,372,110,363,99,344,113,371,183,385,92,339,132,361,89,339,158,368,96,371,169,372,229,385,264,377,162,367,123,359,71,332,63,354,64,354,230,382,99,358,47,279,195,382,178,361,133,364,50,359,99,373,52,337,89,376,77,373,91,323,114,373,83,351,44,337,56,342,6,181,10,229,16,176,30,260,16,106,13,92,17,95,8,317,6,17
sub-NDARBA521RA8,242,405,39,390,202,404,322,418,314,416,237,416,85,402,80,402,198,407,209,416,62,390,256,416,46,377,287,418,314,418,203,416,104,406,84,395,104,402,195,416,260,416,62,371,108,402,218,416,162,404,221,416,174,416,60,366,75,404,38,366,218,416,24,381,163,416,84,402,70,368,164,416,74,393,15,371,187,416,28,392,109,416,3,218,13,219,10,187,10,187,3,187,3,28,1,1
sub-NDARBB854DRN,119,358,31,300,75,360,184,358,188,381,60,351,212,381,193,381,240,381,40,297,37,300,65,327,131,358,192,381,217,381,105,360,64,360,193,381,73,360,229,381,47,352,48,352,129,358,39,346,294,381,25,326,210,381,23,344,52,330,163,365,59,330,95,357,175,381,150,381,154,381,108,365,52,358,154,381,51,320,101,379,21,279,3,210,13,175,10,175,13,175,13,175,13,175,9,175
sub-NDARBG702FED,259,431,30,386,306,431,300,431,305,431,285,431,123,422,126,417,330,431,168,431,184,433,208,430,254,431,198,424,163,422,237,431,86,422,198,424,202,431,185,424,237,431,269,431,37,341,53,410,188,420,278,431,105,417,84,418,77,415,124,418,156,419,95,418,77,405,39,405,197,418,37,395,19,399,104,419,94,419,56,410,10,263,6,290,8,267,5,208,5,208,8,277,8,277,3,8
sub-NDARBK669XJQ,267,426,42,400,291,421,313,426,259,426,283,426,72,411,28,301,97,415,343,426,175,426,260,426,168,432,71,415,175,429,225,415,215,426,83,415,169,426,240,426,221,426,98,415,176,426,282,426,41,393,72,411,259,426,350,426,101,415,111,408,148,408,127,408,229,415,90,415,57,400,166,408,30,392,61,408,35,403,60,399,64,408,10,372,9,186,8,174,8,190,5,174,5,16,7,16
sub-NDARBM213BEA,175,344,53,323,188,354,222,344,186,359,101,341,45,278,195,350,55,283,192,353,159,344,91,344,109,361,153,341,119,354,124,365,155,354,56,302,63,317,59,323,179,344,156,354,67,336,39,318,97,350,48,323,35,286,92,340,24,252,162,350,138,350,85,354,71,354,89,347,47,290,35,290,39,283,44,290,29,312,33,288,10,179,6,171,52,270,15,52,32,157,15,52,28,124,14,79
sub-NDARBN100LCD,113,356,44,332,176,368,200,351,118,351,80,337,126,351,90,368,65,349,44,343,90,342,180,351,139,351,182,368,62,344,61,352,226,363,95,365,79,365,122,351,84,349,69,329,115,349,64,325,38,323,147,354,60,336,54,304,120,358,111,358,139,360,24,319,110,354,62,351,103,354,75,349,108,368,75,358,85,339,59,323,3,182,1,1,10,82,13,74,25,341,8,72,21,125,5,239
sub-NDARBU112XZE,184,370,48,294,247,379,212,379,109,368,155,370,50,343,197,379,102,359,73,368,135,390,223,372,193,368,140,390,125,390,115,363,175,390,166,370,117,372,66,276,102,359,221,381,74,343,200,390,44,357,70,368,39,341,125,361,60,368,80,351,167,390,57,368,39,368,158,390,118,369,86,351,42,233,81,390,68,370,51,327,44,327,44,327,10,89,16,208,10,81,13,146,14,154,10,81
sub-NDARBV364MBC,162,334,35,278,212,334,170,334,56,307,66,296,208,334,57,275,152,331,125,325,113,350,122,325,99,350,35,311,134,350,110,326,144,330,102,328,192,337,42,226,53,298,144,315,86,323,189,339,59,325,48,325,57,315,58,285,174,337,34,258,129,323,132,330,43,295,82,311,41,251,53,317,56,296,44,251,55,288,3,44,32,186,9,39,13,38,8,36,20,138,17,39,11,87,5,159
sub-NDARBZ216FW8,90,279,38,257,178,319,36,277,148,319,74,317,94,318,93,318,61,230,113,319,121,319,61,294,88,277,183,317,98,319,212,333,127,333,73,317,139,317,196,319,59,317,104,333,95,317,39,252,182,333,149,333,83,319,50,319,73,300,57,295,84,322,88,326,42,281,36,281,59,324,40,265,26,306,34,235,42,295,3,88,1,1,8,90,10,88,10,88,13,88,9,90,28,295,3,8
sub-NDARCA186WGH,285,441,41,410,307,444,335,444,196,421,248,444,228,444,161,434,354,444,141,421,113,434,186,444,64,418,151,444,189,418,228,421,188,444,122,421,151,444,179,444,195,444,83,418,126,421,157,444,191,421,33,381,102,418,258,421,177,421,270,444,118,421,105,421,65,401,26,361,66,401,219,444,87,411,35,401,237,444,71,411,46,399,6,248,13,186,9,186,23,186,6,186,23,186,10,186
sub-NDARCA789EE0,333,457,45,422,299,457,320,457,354,457,287,457,305,457,81,428,98,439,45,422,350,457,98,439,355,457,253,457,98,433,225,457,215,457,329,457,234,453,254,453,242,457,303,457,148,433,242,457,267,457,45,412,81,428,90,436,100,436,270,453,301,453,192,437,33,384,41,407,131,439,119,451,94,446,65,426,36,378,72,451,6,331,21,379,16,275,10,271,9,275,22,291,16,362,8,264
sub-NDARCD401HGZ,252,538,420,538,457,538,445,538,209,521,158,528,457,538,253,538,324,538,262,538,324,529,255,529,240,538,209,521,256,538,334,538,240,521,348,538,379,538,386,534,230,521,259,521,263,521,420,538,268,538,60,524,97,495,146,529,90,516,308,538,39,492,96,521,36,491,274,538,212,538,72,511,89,532,112,532,139,538,177,538,199,538,88,525,18,438,15,470,17,307,9,356,10,275,16,356
sub-NDARCJ007GF8,166,377,42,342,264,405,202,405,69,385,28,219,42,334,246,402,114,379,52,342,258,405,142,385,96,377,168,394,115,381,234,405,226,405,43,278,63,356,79,385,68,385,167,394,136,381,231,398,70,381,25,331,232,398,32,340,185,390,156,390,200,398,178,405,185,405,182,405,184,405,100,354,110,364,53,370,59,371,48,364,39,248,6,185,17,208,10,198,18,208,12,309,10,198,17,309
sub-NDARCL080RHP,148,356,47,281,205,365,181,350,163,361,131,341,161,361,84,304,207,365,86,325,50,281,105,341,195,361,85,293,153,341,129,360,174,350,159,359,125,341,70,304,55,330,217,370,32,217,33,280,70,328,69,286,93,293,57,337,45,337,42,287,110,340,67,274,77,293,63,332,35,350,72,359,57,335,51,304,41,255,45,309,79,327,19,132,10,199,10,126,25,151,22,146,10,151,13,105
sub-NDARCP360AFD,191,364,38,248,184,364,165,364,74,349,15,230,188,364,95,342,108,355,24,295,131,364,219,358,127,349,124,364,129,349,143,364,87,349,205,364,92,352,204,364,196,367,47,332,52,342,119,299,96,317,218,367,27,275,47,335,86,313,135,345,58,285,54,294,159,359,120,345,54,294,12,310,77,313,79,343,44,303,18,329,48,281,6,86,18,337,8,123,8,122,13,141,13,140,8,319
sub-NDARCT933HF2,165,334,31,246,197,334,145,334,20,259,74,317,172,331,79,294,167,342,111,320,158,334,84,323,150,334,166,334,126,322,80,323,104,300,215,334,33,236,39,274,130,309,172,332,66,317,47,303,169,332,34,259,118,316,89,322,22,226,150,332,101,291,98,315,44,291,48,301,40,320,37,320,27,287,33,237,33,260,38,260,3,130,6,172,8,172,13,170,13,170,6,8,6,8,6,13
sub-NDARCW419GBD,187,352,62,295,147,352,171,352,90,317,98,332,156,341,102,338,114,356,105,356,167,330,155,321,116,356,147,356,122,345,180,360,153,352,138,352,46,225,91,308,65,313,57,317,152,352,45,235,100,314,117,334,50,326,10,86,86,321,41,284,23,297,31,307,117,338,69,305,62,321,99,338,51,301,46,297,44,307,43,260,10,163,10,117,10,114,21,158,10,114,21,158,21,158,17,147
sub-NDARDA695XTL,258,415,45,380,297,418,327,426,299,418,274,426,230,418,85,406,76,404,310,426,300,418,72,396,208,426,167,417,165,408,198,426,198,426,205,426,244,426,81,404,203,426,225,418,38,381,66,389,135,406,279,426,268,415,89,404,93,398,77,406,91,400,47,378,32,366,192,426,88,408,37,395,32,359,98,408,150,415,34,360,20,361,3,268,9,101,14,230,8,188,10,104,16,340,9,218
sub-NDARDB804YHE,247,417,45,395,37,388,300,419,295,417,313,419,300,419,242,417,71,388,292,417,67,397,239,419,214,419,193,417,205,395,222,397,186,417,123,397,182,417,217,419,53,393,82,397,229,417,287,419,32,353,39,353,251,417,102,397,61,393,56,393,37,379,128,401,38,362,188,417,106,395,160,407,148,417,84,393,43,393,26,359,3,251,3,128,17,214,10,214,14,214,10,214,14,214,10,214
sub-NDARDC360DGB,184,403,44,353,282,406,307,406,266,403,305,406,240,403,72,371,39,371,288,406,213,406,199,406,226,389,206,406,196,406,206,406,262,406,254,406,286,406,59,371,72,371,180,396,38,354,185,397,50,386,96,386,31,357,244,403,200,403,172,386,95,383,38,383,33,330,57,378,162,385,72,383,62,376,42,344,31,296,25,383,6,180,6,244,6,213,6,213,10,213,6,213,10,213,10,213
sub-NDARDH328DR9,238,419,321,419,284,419,268,419,42,391,71,399,212,417,190,419,173,417,213,412,161,412,229,400,236,402,190,412,116,400,181,412,212,412,178,417,175,419,142,417,255,419,32,328,32,386,214,419,241,419,97,399,225,417,77,395,123,398,87,397,94,397,30,393,23,283,119,409,59,389,86,409,90,398,17,359,60,398,54,393,41,385,3,214,3,241,17,220,10,220,17,213,12,293,10,213
sub-NDARDJ825GBP,196,355,30,295,200,355,182,355,205,355,28,303,247,355,113,340,131,354,89,340,173,348,140,348,149,355,54,344,124,355,147,355,44,337,190,355,166,355,142,355,201,355,42,323,46,330,109,355,64,348,58,304,125,344,153,344,80,341,29,281,146,348,98,344,32,289,25,295,27,322,65,344,72,336,68,329,77,329,77,329,10,218,1,1,8,136,8,133,6,133,6,8,6,8,3,8
sub-NDARDK983BDA,349,460,43,421,306,458,274,460,379,458,284,460,99,444,87,421,341,460,200,458,161,458,306,458,271,458,69,444,207,458,210,442,251,450,248,458,117,442,237,458,148,456,265,458,227,460,250,458,229,460,318,458,28,388,81,433,114,440,105,442,93,433,321,458,151,444,156,458,84,442,88,451,37,449,56,442,79,429,57,449,40,404,3,93,3,321,9,289,10,271,6,289,13,271,10,271
sub-NDARDM425CG2,126,374,31,328,279,381,202,381,86,360,122,374,91,374,78,360,67,360,56,330,249,381,189,381,93,368,79,368,212,360,240,360,84,375,109,360,72,368,66,354,36,312,44,324,72,360,56,353,174,360,45,335,152,360,90,360,90,360,172,360,159,360,175,360,16,271,64,343,157,360,91,360,55,360,138,360,52,360,73,352,28,248,64,352,10,93,17,93,10,93,10,93,10,93,17,93
sub-NDARDN702GXX,237,435,57,383,297,435,333,435,275,435,223,435,106,418,137,418,300,435,161,438,59,399,159,438,212,418,198,435,169,418,184,435,257,435,166,435,157,418,203,435,259,435,53,361,98,418,252,435,251,418,224,425,105,414,69,414,69,414,297,431,170,414,72,403,32,394,239,431,119,404,60,376,28,384,35,403,52,373,52,373,60,371,10,252,17,188,10,161,16,188,10,161,9,164,6,16
sub-NDARDN770HY6,152,382,41,310,219,406,145,406,32,368,36,224,87,387,173,406,100,358,146,406,76,381,101,387,193,387,122,406,98,370,110,392,134,399,102,387,76,290,47,368,154,401,95,387,247,406,59,367,217,406,171,387,69,311,204,392,50,387,211,398,131,367,46,387,139,363,194,392,168,398,132,363,167,372,76,306,130,398,95,350,95,389,28,269,16,217,9,151,18,160,14,146,13,358,11,280
sub-NDARDR658DRA,233,456,142,452,31,440,366,475,300,475,361,475,250,475,273,475,184,456,58,449,420,475,90,456,239,463,334,463,434,475,124,456,144,456,131,456,351,475,80,456,157,452,233,463,221,463,261,475,308,475,95,452,248,475,192,475,91,452,32,450,17,443,15,442,187,475,230,475,224,475,178,475,17,397,135,456,265,475,178,475,87,456,27,423,21,427,13,187,13,247,16,247,10,187,10,187
sub-NDARDT800YVF,169,270,204,273,41,252,203,273,175,273,171,273,120,270,92,270,26,237,53,255,71,256,66,268,139,268,141,270,131,268,143,270,75,265,72,255,159,270,139,270,118,265,164,273,76,267,72,268,79,268,34,253,42,238,13,235,80,272,45,262,22,238,15,211,12,248,6,143,3,118,23,35,9,30,21,30,9,27,17,35,11,102,19,30,10,27,8,268,6,199,6,19,9,27,3,15
sub-NDARDU799BZF,128,328,34,281,222,347,126,339,35,264,114,328,92,328,40,230,64,301,71,319,159,347,126,311,108,331,102,337,100,311,144,333,152,330,147,350,46,291,77,302,42,318,162,339,94,324,69,311,110,311,117,330,142,339,158,339,72,262,63,312,68,325,64,215,74,324,42,304,45,319,51,319,79,302,35,264,42,230,39,181,3,126,6,110,21,165,18,116,28,219,10,116,16,244,25,165
sub-NDARDX469TC1,217,410,39,371,206,389,233,410,191,410,118,410,128,389,134,389,34,342,297,410,115,389,106,398,154,410,30,371,223,389,208,389,162,410,151,410,61,386,175,410,197,407,138,389,96,407,230,410,70,384,145,389,211,407,119,381,35,341,88,381,111,389,95,389,135,389,66,381,204,410,34,366,115,402,144,410,62,370,14,352,49,376,6,270,17,154,10,154,17,154,10,154,10,154,10,154
sub-NDARDX561MRY,120,326,34,264,115,312,177,336,122,336,27,276,89,307,84,326,46,281,27,276,150,334,68,271,91,303,92,309,189,331,122,310,91,336,32,197,66,294,53,288,103,304,184,322,163,322,121,294,114,304,38,239,132,314,98,283,70,310,150,322,131,322,50,310,27,267,58,263,73,326,35,276,41,229,37,300,34,182,3,91,3,132,10,106,16,102,6,92,8,264,24,274,23,172,23,172
sub-NDARDX561MRY,120,326,34,264,115,312,177,336,122,336,27,276,89,307,84,326,46,281,27,276,150,334,68,271,91,303,92,309,189,331,122,310,91,336,32,197,66,294,53,288,103,304,184,322,163,322,121,294,114,304,38,239,132,314,98,283,70,310,150,322,131,322,50,310,27,267,58,263,73,326,35,276,41,229,37,300,34,182,3,91,3,132,10,106,16,102,6,92,8,264,24,274,23,172,23,172
sub-NDARDZ946KVL,219,335,33,283,239,335,216,335,242,335,213,363,187,335,51,309,94,325,254,335,124,328,46,317,216,335,171,331,144,325,188,335,190,335,164,335,177,363,218,363,203,363,48,317,201,335,209,335,52,315,55,315,26,269,31,277,21,287,70,320,97,354,25,310,27,309,32,283,34,288,59,307,30,312,3,201,3,209,14,59,19,59,10,59,15,59,15,59,30,59,24,280,19,256,18,59
sub-NDAREC182WW2,103,419,49,403,250,432,358,443,245,443,91,410,278,440,66,412,91,412,385,440,89,420,268,440,141,419,208,422,198,422,255,441,109,420,68,410,126,417,261,443,304,443,269,443,27,377,149,435,46,382,193,447,191,447,121,422,228,447,228,443,237,443,232,443,271,443,149,432,272,443,66,429,52,417,60,420,128,431,26,403,3,268,6,298,8,157,21,243,17,206,25,243,11,206,8,35
sub-NDARED047DTH,242,414,34,350,300,415,308,419,255,417,258,419,85,399,221,417,106,393,211,414,317,417,186,419,45,349,161,410,284,417,225,401,204,417,99,393,196,419,31,371,133,393,207,419,217,405,123,393,32,358,76,386,82,386,145,414,25,290,35,360,33,360,241,410,199,417,108,383,77,394,216,419,72,404,70,371,112,380,15,262,20,339,3,145,19,241,10,186,14,212,19,241,18,227,12,270
sub-NDARED632KNG,260,475,402,479,34,427,260,471,334,479,262,479,301,479,106,461,28,424,114,475,281,479,262,479,66,446,264,479,315,479,285,479,82,461,276,479,281,479,320,479,128,461,273,479,304,479,109,459,216,479,116,461,216,475,173,471,115,461,67,427,122,457,131,457,358,479,92,453,34,439,300,479,40,439,250,479,39,440,24,452,134,461,156,475,10,302,9,297,13,297,9,262,13,297,10,262
sub-NDAREF057VX5,48,309,29,267,215,338,156,338,83,322,46,243,23,273,223,338,152,338,117,327,89,322,19,257,102,329,27,232,57,299,152,331,151,328,191,342,95,319,36,222,69,273,100,311,170,342,29,271,53,302,99,335,129,342,150,342,49,295,48,315,45,305,60,310,147,329,71,329,129,329,20,286,130,329,45,295,40,239,36,266,6,162,10,112,17,184,10,155,21,173,12,263,10,147,10,147
sub-NDAREK375DKR,126,280,23,192,194,302,84,280,28,233,99,280,110,273,114,285,21,207,129,280,53,273,46,263,76,280,54,251,135,280,148,287,97,291,46,207,75,285,54,257,40,238,132,302,34,250,50,280,27,217,49,268,30,230,83,259,71,275,112,302,16,203,79,279,47,268,71,291,48,279,59,286,30,252,8,203,62,295,20,259,33,246,30,111,10,83,10,75,8,76,16,75,6,8,6,8
sub-NDAREK544ENR,218,395,244,395,266,395,265,395,252,395,222,395,33,348,77,372,284,395,285,395,190,395,176,395,198,381,172,395,168,395,214,395,67,354,192,395,262,395,67,352,33,348,55,369,79,369,243,395,262,395,26,308,49,333,117,375,36,333,144,372,101,372,25,333,23,304,57,362,27,351,71,365,45,341,134,388,60,352,48,341,6,243,6,262,21,203,10,203,17,190,12,330,10,190,10,190
sub-NDAREK918EC2,211,329,40,279,168,325,198,338,153,329,33,279,41,279,193,338,82,329,98,292,109,338,155,320,207,331,101,338,52,314,99,314,54,314,126,340,133,329,137,329,97,325,37,240,61,285,69,320,58,320,181,314,75,299,34,284,48,284,36,294,85,297,102,314,34,279,119,322,88,296,86,322,40,288,43,236,42,150,43,236,6,188,3,85,9,102,6,98,7,104,12,118,8,117,3,7
sub-NDAREK947FYP,245,385,36,348,276,387,187,365,239,387,213,385,209,387,198,385,28,317,166,365,79,337,168,385,161,385,158,365,145,367,148,385,51,365,159,385,123,387,65,351,144,385,20,331,94,367,200,385,183,387,91,345,46,341,200,385,47,344,47,334,42,312,94,312,136,367,59,349,37,365,99,365,92,367,81,357,93,367,34,336,40,316,3,94,6,168,10,168,10,168,13,168,10,168,10,168
sub-NDAREL063PMX,254,405,39,346,282,402,167,385,251,402,262,405,205,402,67,385,40,346,253,405,176,405,205,402,190,402,195,405,216,395,190,405,68,378,194,405,210,405,238,405,93,377,211,405,246,402,69,365,60,385,67,378,142,391,244,402,52,378,200,388,65,377,38,377,61,384,51,364,79,399,52,395,36,353,44,353,66,381,13,271,6,142,6,244,9,199,9,216,15,328,9,199,11,228,11,210
sub-NDAREM018TJQ,143,407,47,352,180,407,225,410,250,416,78,373,169,416,118,407,258,416,132,403,140,407,138,403,315,416,159,407,269,416,114,403,173,407,120,407,98,395,36,327,57,384,172,407,43,332,199,410,176,416,67,407,153,407,59,403,220,416,158,408,128,416,40,386,50,412,146,416,101,416,39,407,77,403,22,355,69,372,36,357,147,418,71,379,99,391,10,277,9,158,5,149,9,166,3,5
sub-NDAREM141CKP,133,343,34,267,95,341,155,343,180,357,37,322,137,357,131,357,179,357,42,311,49,322,35,311,112,336,200,357,29,282,109,357,160,339,140,338,103,338,112,357,91,333,156,354,74,324,46,321,238,357,35,299,179,357,59,313,89,339,48,314,131,357,118,357,58,323,110,357,62,337,50,319,46,344,44,313,40,297,40,283,6,207,3,179,13,159,10,141,13,166,12,173,10,147,19,242
sub-NDARET653TAM,207,384,35,344,250,389,164,384,82,353,42,344,246,384,95,364,125,379,43,353,83,376,243,389,298,378,101,374,64,353,95,376,152,381,108,368,142,381,169,368,114,384,81,365,162,368,130,368,248,384,183,368,79,374,64,369,76,368,142,370,25,320,126,366,87,385,138,366,140,385,57,374,33,363,53,323,54,337,61,364,10,248,6,194,13,143,10,129,12,160,12,136,5,136,9,91
sub-NDARET949LMU,119,417,31,350,266,416,258,416,178,426,140,410,55,359,106,386,54,408,116,413,179,426,67,408,127,426,220,429,169,429,262,416,119,406,229,429,100,408,252,429,112,421,109,408,224,429,43,385,217,429,141,411,35,385,209,429,178,429,183,429,134,411,17,323,228,429,184,423,33,389,69,375,209,423,55,406,119,426,81,416,46,359,71,409,6,209,17,206,10,196,10,195,22,284,20,381
sub-NDAREY962BM7,212,400,40,351,164,384,288,400,233,400,45,371,308,400,117,388,241,400,210,400,49,362,147,397,137,387,150,384,194,400,159,400,185,400,198,400,191,400,242,400,91,388,56,371,255,400,260,400,75,374,120,384,110,384,50,354,163,390,86,384,38,345,79,384,32,318,203,400,72,381,69,376,64,376,49,375,99,392,43,344,1,1,6,277,9,210,6,210,9,210,9,222,9,234,1,1
sub-NDAREZ098ZPE,170,400,66,328,228,402,277,402,219,402,43,368,167,400,166,391,45,224,80,391,50,384,200,400,187,400,171,400,141,391,241,402,149,386,211,402,149,391,125,391,277,402,33,348,187,373,38,343,183,373,151,373,52,380,49,366,131,373,174,373,128,372,113,368,173,373,109,356,178,398,66,356,79,382,24,306,72,396,45,274,10,187,3,183,15,187,6,187,15,187,9,187,22,345,15,345
sub-NDARFA464HJQ,133,318,45,258,192,326,138,318,21,244,119,318,109,309,43,286,43,274,171,326,66,307,55,307,129,303,109,303,122,333,130,311,176,315,115,330,93,286,97,295,50,307,121,313,85,315,41,280,100,305,114,320,105,322,53,280,53,315,116,320,65,305,84,310,48,264,57,301,72,295,35,299,38,170,41,213,41,213,10,120,3,129,3,100,9,112,17,147,10,109,10,109,16,147,6,16
sub-NDARFB107PVH,370,481,34,431,397,481,263,481,347,481,283,481,283,479,233,481,71,462,410,481,214,479,219,481,344,481,335,481,312,481,386,481,352,481,320,481,89,462,306,481,46,453,320,481,299,481,142,462,287,481,374,481,98,454,233,481,89,460,89,460,312,481,374,481,28,427,52,453,39,436,33,431,184,479,108,463,44,420,57,468,3,312,1,1,9,346,9,346,19,345,15,426,19,345,16,426
sub-NDARFB500HHN,283,435,142,427,138,427,49,423,262,441,250,431,276,441,180,431,240,441,60,423,300,435,77,423,181,441,71,423,55,413,67,432,302,431,248,427,85,427,86,432,156,431,35,418,99,423,100,432,162,441,123,427,123,427,131,427,131,427,222,441,301,441,134,427,204,441,46,404,129,427,129,427,40,371,95,441,73,441,131,427,70,431,80,427,85,427,6,95,12,373,13,140,6,95,13,166
sub-NDARFL411AT1,259,423,33,372,346,423,223,423,281,423,236,423,252,423,148,405,320,421,166,409,194,421,69,401,225,421,210,421,201,413,252,421,165,416,178,416,252,421,251,421,69,396,217,421,290,423,37,360,40,383,148,409,106,396,99,401,148,413,214,423,72,405,146,413,31,360,31,380,24,333,57,393,85,407,49,394,63,385,28,349,15,336,3,106,12,258,10,214,9,214,13,258,15,325,11,259
sub-NDARFM080VAF,134,396,35,311,273,404,269,407,60,381,119,396,205,407,92,385,80,377,78,381,162,404,91,386,75,386,140,396,199,407,172,407,208,403,240,392,166,407,179,407,46,381,88,385,258,404,85,385,47,379,177,404,201,404,214,404,88,386,57,361,91,389,217,404,152,396,65,389,21,385,143,396,114,393,96,396,20,368,128,385,37,260,6,149,6,177,12,320,13,218,10,218,9,199,9,218
sub-NDARFN452VPC,166,367,33,345,240,382,313,387,243,382,197,387,157,367,91,362,72,373,225,387,130,367,51,362,80,362,310,387,150,367,230,387,29,322,308,387,268,387,138,367,143,362,87,373,50,354,44,306,76,362,109,362,153,382,97,362,144,387,113,382,115,366,110,382,97,366,41,357,50,357,45,362,28,353,65,325,47,354,15,244,15,178,8,349,16,180,15,148,6,148,17,148,10,144,13,353
sub-NDARFR109LKT,246,349,41,301,254,347,239,349,240,347,181,349,101,332,112,334,96,336,217,347,72,334,35,315,222,347,69,331,249,360,220,336,170,336,84,347,166,336,70,355,160,349,40,300,119,334,86,332,92,332,127,343,200,349,128,331,34,303,59,332,118,338,43,316,40,345,76,354,102,353,49,322,3,127,3,200,32,181,8,47,14,39,14,39,12,278,19,38,19,176,19,176,8,30,11,262
sub-NDARFT834NT1,173,417,36,369,267,425,233,425,139,408,76,348,82,395,262,425,76,388,195,425,86,397,270,425,292,408,83,403,91,388,154,417,107,397,111,417,229,425,83,348,83,394,158,417,130,403,85,425,292,425,124,425,164,425,166,425,97,403,144,403,247,425,132,425,77,403,42,340,204,425,136,401,72,350,62,344,115,425,87,400,36,266,25,262,13,195,10,195,15,195,13,339,15,195,18,339
sub-NDARFU789PRX,276,437,40,358,320,437,297,437,321,437,237,437,106,413,52,413,344,437,71,409,213,437,201,437,185,437,231,413,207,413,188,437,185,437,184,437,226,437,112,413,173,437,233,437,38,390,78,413,114,413,178,413,220,437,351,437,120,413,129,424,192,424,83,409,50,401,137,409,32,395,83,409,48,413,35,407,21,377,79,409,72,400,10,278,17,201,17,208,21,201,10,201,10,201,10,201
sub-NDARFW130NGG,197,418,295,418,41,371,288,407,296,421,258,418,262,421,49,376,154,399,201,418,220,403,216,403,206,418,206,409,206,418,261,418,242,418,260,421,108,380,206,409,194,418,250,407,36,339,177,418,36,339,64,376,238,410,86,399,40,322,95,384,65,371,69,399,53,355,63,396,68,384,133,410,111,407,42,396,56,370,36,341,46,341,6,95,13,228,10,154,14,228,10,154,10,154,18,260
sub-NDARFW292PBD,249,476,32,404,269,463,184,447,266,476,218,476,77,447,407,476,156,463,225,469,209,469,263,447,294,447,251,469,213,469,293,476,217,471,224,469,227,471,327,476,144,456,162,464,189,447,261,476,277,476,102,447,242,472,166,472,159,472,133,464,178,459,115,447,79,451,97,472,99,442,37,426,22,318,131,471,55,438,45,429,15,315,10,295,32,294,21,294,27,241,26,294,10,225,10,225
sub-NDARFW444PN1,348,483,41,451,388,483,430,483,388,483,374,483,324,483,42,451,42,451,390,483,354,483,331,485,89,468,279,483,211,465,291,483,267,483,311,483,238,483,263,483,361,483,266,483,356,483,329,483,54,433,228,483,146,471,56,462,355,483,337,483,278,483,180,465,72,465,39,417,50,442,105,465,22,433,157,480,47,462,94,453,45,420,6,355,6,355,17,331,8,333,10,331,13,333,3,8
sub-NDARFY612EMR,223,409,234,409,43,351,333,418,170,409,209,418,175,418,143,415,28,282,100,396,85,396,82,393,122,396,98,396,139,418,204,396,266,396,131,418,70,393,43,398,68,396,134,415,262,418,75,393,100,393,173,396,131,396,83,393,30,381,81,389,161,411,55,396,68,375,112,411,126,396,152,411,84,389,135,409,109,409,68,411,125,418,48,342,6,269,23,179,15,135,27,179,15,135,10,179
sub-NDARFZ296UNG,246,365,38,285,263,365,247,365,209,365,201,365,32,320,188,356,187,365,219,365,176,365,30,285,190,365,175,349,127,349,173,365,79,346,180,365,33,327,202,365,54,323,157,365,228,365,65,332,39,320,53,343,203,365,243,365,20,286,29,275,15,285,162,362,109,339,22,308,48,323,28,343,32,298,33,323,32,293,25,293,6,208,6,260,6,198,6,190,10,198,8,292,13,198,6,176
sub-NDARGA967MGC,279,421,34,373,235,408,309,410,327,421,262,421,252,421,242,421,102,403,314,421,266,421,154,418,168,421,214,400,213,403,173,421,133,403,162,421,142,410,240,421,53,386,120,403,168,421,302,421,114,403,130,400,251,421,189,394,58,397,58,397,27,376,35,379,49,399,68,400,48,386,16,374,51,397,99,400,26,382,114,409,24,345,6,251,6,300,13,195,10,165,13,183,10,154,10,154
sub-NDARGE366WNC,108,336,41,258,196,349,213,378,93,336,172,374,191,374,51,304,117,349,98,327,183,366,163,349,51,258,198,349,211,349,146,349,35,304,44,334,67,314,196,370,67,321,210,370,66,349,35,267,143,349,159,378,44,317,107,359,50,317,55,336,112,359,79,349,64,345,69,361,37,336,78,345,102,351,39,309,45,317,86,339,70,347,10,175,21,120,27,120,24,120,10,86,13,86,26,120
sub-NDARGL834CMQ,327,445,48,409,319,445,303,445,348,445,279,445,78,425,71,425,331,445,92,428,225,445,233,445,250,448,208,448,239,428,145,428,221,445,116,428,221,445,193,445,233,445,282,445,190,445,237,445,292,445,71,416,78,425,174,442,356,445,304,445,119,428,36,416,94,425,64,425,36,404,41,423,105,435,50,428,14,407,66,428,58,428,6,321,13,253,8,253,19,253,10,253,14,253,5,23
sub-NDARGL963HU4,174,374,37,334,311,381,210,364,228,381,30,353,82,353,180,374,181,374,163,381,196,381,282,371,170,381,117,374,185,381,181,374,151,374,241,381,43,302,40,302,171,374,84,360,232,378,171,360,68,340,76,340,47,340,170,378,63,348,87,350,32,350,36,340,40,348,111,378,43,357,69,361,74,350,63,368,54,357,14,170,6,191,3,170,18,206,14,206,13,206,10,163,6,163,9,163
sub-NDARGM498YFL,135,290,35,208,215,296,160,290,35,269,120,300,52,279,97,290,72,293,21,169,59,282,52,279,135,290,80,290,109,290,136,291,184,290,175,292,47,218,73,292,38,282,98,300,36,260,98,300,95,277,101,309,51,259,88,277,58,292,56,290,51,257,67,284,35,272,42,279,48,279,28,235,28,235,39,251,16,166,3,98,50,230,14,50,20,59,10,50,9,53,21,91,18,53,6,20
sub-NDARGM610LF0,392,467,41,423,284,451,284,467,340,467,339,467,312,467,313,467,116,442,41,423,249,467,360,467,179,446,116,447,350,467,245,467,75,435,67,426,365,467,138,444,241,467,160,446,127,467,117,463,94,444,223,467,15,422,223,446,263,467,294,467,112,447,254,467,46,440,332,467,314,467,214,446,46,400,40,400,53,440,72,409,41,399,10,355,3,314,19,257,10,257,10,257,9,257,19,275
sub-NDARGT022BEW,226,366,297,384,231,366,210,380,187,366,48,361,76,349,69,353,164,366,69,340,37,268,191,380,228,380,239,366,110,361,91,375,99,365,122,357,132,361,98,375,171,384,33,265,52,333,129,366,180,366,201,384,122,361,61,325,32,264,63,357,47,322,104,357,54,357,80,357,90,357,77,357,70,335,80,357,44,346,42,267,10,196,10,90,11,296,15,303,17,107,26,214,21,119,10,107
sub-NDARGY054ENV,251,485,77,429,350,490,319,485,381,490,350,490,333,490,244,485,70,456,328,485,339,490,254,485,98,459,287,490,397,490,208,474,272,490,299,485,299,490,250,485,283,485,385,490,175,477,34,456,284,485,125,476,73,415,221,482,108,456,240,479,184,482,162,468,181,484,64,469,20,342,20,451,83,430,88,444,48,468,117,482,44,444,81,463,14,204,15,339,8,263,9,265,11,305,11,409
sub-NDARGY148EVU,289,379,250,379,31,354,271,379,247,379,267,379,267,396,182,379,75,329,135,379,89,371,122,350,86,379,211,379,260,379,306,379,139,379,180,379,123,379,158,396,192,396,95,350,98,350,111,379,195,371,209,379,289,379,194,379,153,396,79,379,31,350,12,321,36,350,101,379,49,367,34,313,61,319,46,294,44,317,44,317,1,1,1,1,10,61,10,61,10,61,8,63,17,61,3,8
sub-NDARHB993EV0,197,354,180,351,196,354,180,354,44,295,75,331,143,352,84,291,150,354,93,348,178,341,159,340,136,351,90,337,119,351,112,322,117,337,117,340,176,351,47,295,44,295,59,331,134,331,176,348,74,338,33,323,37,281,128,351,36,307,47,326,134,351,88,351,12,215,89,324,39,313,45,335,28,306,48,258,28,229,41,310,41,310,6,134,3,176,9,154,8,162,9,152,8,166,5,197
sub-NDARHD059PEQ,299,408,34,349,313,408,313,408,259,408,258,408,221,408,47,387,77,389,267,408,51,368,257,408,200,408,65,372,97,405,212,406,178,387,170,408,96,387,170,408,69,387,179,408,99,396,88,382,190,408,246,408,32,312,74,387,50,387,208,408,224,408,114,384,57,387,60,374,39,351,61,365,60,373,100,390,64,387,20,333,48,353,3,208,6,224,13,226,10,226,13,216,10,216,12,333
sub-NDARHF023VG3,67,365,51,338,172,416,207,424,55,350,59,352,72,407,194,416,46,389,57,389,218,416,297,424,281,420,160,424,59,407,82,424,121,415,206,415,129,424,249,424,169,415,89,407,217,424,122,415,253,424,73,402,114,415,173,424,181,424,152,415,139,413,67,412,135,424,208,424,123,424,33,379,141,414,92,383,76,383,76,383,30,348,39,415,55,366,17,314,10,263,18,226,10,162,20,385
sub-NDARHJ523XGB,124,313,208,335,72,318,180,335,28,305,150,333,112,333,165,333,19,223,39,281,58,232,73,235,70,315,65,315,178,331,45,308,109,335,28,188,88,333,40,318,171,324,121,318,44,302,216,324,67,313,37,237,115,317,42,312,114,289,125,317,22,251,33,300,63,278,89,284,44,248,59,320,62,251,87,295,73,280,36,278,71,318,1,1,3,115,9,83,9,81,8,94,11,250,11,133
sub-NDARHJ946UPH,277,413,35,353,319,413,284,413,326,413,266,413,243,413,244,415,80,391,153,402,131,393,163,413,239,413,211,417,198,413,173,393,198,415,79,393,204,413,131,413,191,413,110,393,211,415,229,413,99,393,65,393,282,415,247,413,32,393,46,394,131,391,54,383,75,385,61,391,49,374,52,383,52,391,38,373,45,391,31,365,3,46,3,247,20,223,18,211,23,225,6,211,8,213,3,8
sub-NDARHK598YJC,63,334,28,328,220,372,168,372,54,348,115,349,40,279,38,243,49,335,230,372,71,331,223,365,44,346,217,372,136,360,120,360,143,360,55,357,195,372,67,341,36,261,111,341,110,337,118,367,162,362,14,240,35,329,111,344,118,369,114,369,111,369,51,357,38,323,58,276,145,369,56,320,70,357,102,360,73,349,67,342,133,372,38,320,30,243,6,191,6,124,15,167,8,182,9,132
sub-NDARHL238VL2,205,426,28,331,332,426,299,426,316,426,257,426,266,426,59,363,27,290,257,426,244,426,201,426,213,426,227,426,189,426,243,426,208,426,155,410,189,426,299,426,54,351,28,319,220,426,84,404,87,403,33,362,216,419,56,390,107,410,103,410,57,410,110,395,69,392,91,364,94,395,111,386,52,410,101,364,99,395,42,410,42,410,67,406,13,216,10,216,13,216,12,355,10,216,12,355
sub-NDARHL358LGQ,248,428,36,398,217,428,321,430,219,430,137,409,94,422,291,430,75,400,129,430,181,421,211,430,69,398,171,430,233,419,214,411,197,430,199,430,79,409,197,430,197,430,201,430,110,407,125,409,142,419,115,409,161,411,208,428,286,430,172,421,76,400,32,398,70,398,39,398,229,430,183,430,49,402,100,421,28,382,15,273,15,273,3,229,13,239,10,228,14,221,16,359,10,211,14,221
sub-NDARHM273AXL,328,452,48,394,304,452,374,452,290,452,286,452,102,429,140,433,328,448,86,415,336,452,210,448,58,406,150,448,221,433,260,433,203,448,145,433,189,448,203,452,280,448,167,433,229,448,299,452,200,448,228,448,127,429,113,429,274,448,157,429,157,433,89,433,62,416,238,448,32,416,50,425,61,419,42,408,31,395,45,395,10,329,10,171,13,218,9,210,6,210,9,210,6,210,9,210
sub-NDARHM304AXP,91,279,34,205,164,304,45,257,105,304,27,219,86,279,59,258,39,189,115,312,59,208,61,198,114,308,103,288,39,187,55,258,35,195,149,308,135,291,85,279,37,202,124,277,112,272,136,308,53,284,49,269,22,210,84,288,49,213,98,266,34,193,70,262,58,252,54,288,50,189,94,299,27,221,39,288,21,230,32,288,34,167,10,85,1,1,17,124,10,114,21,140,10,114,10,122
sub-NDARHM615PJH,276,444,45,386,341,444,319,444,300,444,249,444,322,444,168,444,52,386,247,444,249,444,183,444,63,423,158,444,255,423,258,423,212,444,62,412,191,444,126,423,43,402,101,423,222,444,212,430,133,423,107,428,157,423,244,444,234,444,170,418,127,423,42,388,32,376,74,418,45,381,96,394,118,415,102,418,161,418,94,427,15,295,26,359,17,198,10,183,17,198,10,183,10,183,10,183
sub-NDARHP176DPE,280,450,79,446,368,450,289,447,330,450,273,450,217,450,50,410,335,450,212,443,192,453,74,420,223,453,189,442,153,433,245,453,83,433,266,450,224,450,282,450,45,410,108,424,282,450,212,447,129,450,182,443,32,410,305,450,312,450,55,427,65,429,47,383,142,442,47,383,53,429,212,447,56,435,124,438,157,450,48,410,40,392,15,376,10,340,22,323,10,267,21,294,9,195,6,21
sub-NDARHP558MGA,151,342,31,246,199,342,179,342,105,321,38,246,212,342,126,335,113,335,137,326,140,342,59,303,110,332,95,326,122,340,166,342,91,326,42,278,66,319,66,319,159,334,160,326,21,257,14,218,127,321,30,239,46,305,108,326,149,321,79,301,108,315,33,269,100,315,26,312,50,300,41,284,79,285,28,240,65,295,15,177,25,231,3,160,10,126,15,129,10,126,9,129,13,129,6,15
sub-NDARHP656DLC,148,322,35,232,182,322,120,313,81,315,52,238,177,322,153,325,66,308,128,306,155,324,69,306,87,313,32,281,84,308,102,313,122,324,115,297,29,254,56,297,50,297,150,313,133,322,25,260,207,324,39,285,97,290,89,305,43,273,104,322,39,286,55,295,45,292,70,297,33,271,51,276,14,279,41,208,40,291,25,243,3,150,3,97,13,156,6,153,9,153,16,156,9,156,6,16
